timestamp,datetime,price,volume_24h,market_cap
1775174400000,2026-04-03,66887.51063938277,48489330158.05017,1341478723293.2266
1775260800000,2026-04-04,66822.55230312092,27881704293.27623,1340175935595.4512
1775347200000,2026-04-05,67077.1500532805,18349404855.726543,1345282082641.0298
1775433600000,2026-04-06,69002.03847938096,23859752469.910007,1383887150218.5754
1775520000000,2026-04-07,68672.24657456316,46866527625.05277,1377272928532.069
1775606400000,2026-04-08,71661.76372427847,59114621689.24899,1437229916180.8518
1775692800000,2026-04-09,70644.79416156793,42187302136.25613,1416833835992.307
1775779200000,2026-04-10,71367.80291658688,41307213904.3155,1431334313769.7168
1775865600000,2026-04-11,72920.25491187068,32133663126.52619,1459433492592.4358
1775952000000,2026-04-12,73021.85968305328,20344402241.871456,1461495718539.031
1776038400000,2026-04-13,70660.63961180339,25034828600.5945,1414271995223.8486
1776124800000,2026-04-14,74481.64142860245,46453393066.73657,1490782825115.7065
1776211200000,2026-04-15,74297.34759499803,48364585958.60738,1487131028728.5823
1776297600000,2026-04-16,74826.31308825641,30548536736.731777,1497750345420.939
1776384000000,2026-04-17,75111.95674547968,37873936871.25348,1503501691790.5283
1776470400000,2026-04-18,77125.73357198425,56342990648.43905,1543846478607.006
1776556800000,2026-04-19,75716.15083727139,62821159706.721344,1515666221261.281
1776643200000,2026-04-20,73841.02173808741,57237273536.28347,1478167516521.3162
1776729600000,2026-04-21,75858.03546790924,38028896900.98471,1518576144441.9805
1776816000000,2026-04-22,76326.19170242558,36823423505.230736,1527978534936.1682
1776902400000,2026-04-23,78238.81675008619,43578270461.27342,1566300505390.8323
1776988800000,2026-04-24,78275.32582745969,35972701648.49312,1567060751418.8237
1777075200000,2026-04-25,77447.61757991764,30716822790.47169,1550525699949.4888
1777161600000,2026-04-26,77634.51592192693,16174475761.220406,1554301467547.4663
1777248000000,2026-04-27,78637.74356150378,20900479735.89463,1574424193250.3992
1777334400000,2026-04-28,77366.78442217235,36623099926.89533,1549011607727.6
1777420800000,2026-04-29,76331.86443470464,31323204486.623787,1528322543597.082
1777507200000,2026-04-30,75784.95743624517,40874217836.06377,1517396428631.6455
1777593600000,2026-05-01,76296.7964844269,30542237537.2747,1527677404068.2952
1777680000000,2026-05-02,78207.76425489692,38346005217.71241,1565978464498.2485
1777766400000,2026-05-03,78677.4246327222,17470305785.684418,1575399064359.2305
1777852800000,2026-05-04,78512.09246456268,21039106932.465828,1572088532218.1125
1777939200000,2026-05-05,79825.8751129579,52799152390.05931,1598395086667.69
1778025600000,2026-05-06,80913.9613749304,39631525763.1694,1620321738625.5952
1778112000000,2026-05-07,81436.85936825167,40136984275.35361,1630826287118.407
1778198400000,2026-05-08,80024.90767231231,36710760520.09051,1602589764458.0776
1778284800000,2026-05-09,80197.2669977041,33093795788.664837,1606077785283.5508
1778371200000,2026-05-10,80677.64981723971,17383014966.83854,1615741619629.0364
1778457600000,2026-05-11,82018.3711243874,19419025189.8614,1645004741191.1208
1778544000000,2026-05-12,81627.56604995472,28389853562.446438,1637166543583.5588
1778630400000,2026-05-13,80482.14377829393,30589600639.610733,1611939835949.311
1778716800000,2026-05-14,79288.8420865621,32707131746.748478,1588073918775.3318
1778803200000,2026-05-15,81059.11595417073,42298040589.51437,1623569996402.9607
1778889600000,2026-05-16,79068.6684041429,36216900888.56351,1583735228276.758
1778976000000,2026-05-17,78132.7535126921,23762381350.057053,1565026633721.2126
1779062400000,2026-05-18,77428.51866052429,20316786825.924442,1550931401030.0012
1779148800000,2026-05-19,76959.40571528324,42702548815.67563,1541593557490.7017
1779235200000,2026-05-20,76758.73155866472,27147623318.02886,1537607115376.3884
1779321600000,2026-05-21,77470.39614899461,26876818823.914783,1551898053923.3093
1779408000000,2026-05-22,77550.38308320483,26822828450.39911,1553532857238.0518
1779494400000,2026-05-23,75478.38285862996,28286947097.462727,1512062217726.077
1779580800000,2026-05-24,76684.37097078416,30932098861.218105,1536256575896.3174
1779667200000,2026-05-25,77016.06581859986,21763916479.84379,1542935472694.078
1779753600000,2026-05-26,77258.39912360838,19879317349.277992,1547829534321.9758
1779840000000,2026-05-27,75851.10409561773,21937550660.277542,1521310703337.921
1779926400000,2026-05-28,74339.61694703094,34389389567.3329,1489416527418.8489
1780012800000,2026-05-29,73651.64255141478,33586238604.416878,1477197114898.1526
1780099200000,2026-05-30,73500.91507629369,38828038484.70212,1474174043264.2876
1780185600000,2026-05-31,73820.30385315015,18374444051.152412,1479111074457.094
1780272000000,2026-06-01,73598.6681238158,16617912637.659142,1474670238472.3772
1780358400000,2026-06-02,71320.29306465392,48870728373.42597,1429084366219.4146
1780444800000,2026-06-03,66727.26415497709,61786877126.25958,1337077983137.808
1780531200000,2026-06-04,64046.61064609333,43649392701.85552,1283384941923.1694
1780617600000,2026-06-05,63810.65923840883,60995145201.16938,1278676276214.779
1780704000000,2026-06-06,60960.10140035313,45506430145.38753,1221584775490.4983
1780790400000,2026-06-07,60855.25426528331,31010313650.452156,1219483734629.1333
1780876800000,2026-06-08,63273.537430635515,33326211424.640003,1267943921370.2615
1780963200000,2026-06-09,63069.147792658114,32495793038.066757,1263848139632.9338
1781049600000,2026-06-10,61669.76384194788,35017939157.83543,1235805762898.2478
1781136000000,2026-06-11,61480.144432833426,26327022779.7125,1232005963062.1147
1781222400000,2026-06-12,63555.66181107698,28342001883.939762,1273749779296.1104
1781308800000,2026-06-13,63532.27782485316,26198317555.20565,1273309909632.204
1781395200000,2026-06-14,64408.80975375945,16875136749.718493,1290903457306.5925
1781481600000,2026-06-15,65709.31094599118,21124197393.114784,1316997723207.2698
1781568000000,2026-06-16,66292.50117921834,30758717645.22543,1328716312457.8525
1781654400000,2026-06-17,65619.28080038042,25251031908.02844,1315255606491.9746
1781740800000,2026-06-18,64444.545329668814,31384852552.080708,1291736519936.9531
1781827200000,2026-06-19,62897.23855524796,30204028640.80352,1260755460004.2776
1781913600000,2026-06-20,63489.81094752525,23645282131.211132,1272662339486.1091
1782000000000,2026-06-21,64253.39869532133,18855396681.673313,1287998314407.3254
1782086400000,2026-06-22,63255.48525259375,16915246357.834028,1268020785738.6846
1782172800000,2026-06-23,63937.28526422244,27569840544.502632,1281722561349.0657
1782259200000,2026-06-24,62662.29201921944,30689271786.405464,1256197234338.4941
1782345600000,2026-06-25,60989.57352152134,43171393360.53368,1222695488973.654
1782432000000,2026-06-26,59726.73653480851,41007492811.17548,1197409796612.7463
1782518400000,2026-06-27,60022.32566638378,39614814581.667755,1203364318622.97
1782604800000,2026-06-28,59953.443344011124,16056335655.741009,1202013480250.0635
1782691200000,2026-06-29,59494.606386317784,17361816169.775818,1192836694280.2336
1782777600000,2026-06-30,60152.35872063589,32075473636.027355,1206050822293.0742
1782864000000,2026-07-01,58566.091991843154,32381442094.945057,1174271521060.0322
1782950400000,2026-07-02,59967.685041718134,39101214529.08516,1202400598943.6472
1783036800000,2026-07-03,61490.21448471664,40481809940.94352,1232955847657.318
1783123200000,2026-07-04,62553.61289177051,26816869526.90458,1254308594105.5916
1783209600000,2026-07-05,63088.406753852214,19151546833.425976,1265061539174.8157
1783296000000,2026-07-06,63586.102141021256,18666512398.727943,1275068261445.5964
1783382400000,2026-07-07,64001.23542391328,36365921502.667404,1283414917919.9055
1783468800000,2026-07-08,63335.30929080668,31452448064.454205,1270088861350.0464
1783555200000,2026-07-09,62247.1304822092,27882580909.181175,1248292438971.084
1783641600000,2026-07-10,63192.8789720319,26707343178.318974,1267284402881.5332
1783728000000,2026-07-11,64110.97482196822,27782860991.65925,1285721301995.1152
1783814400000,2026-07-12,63791.35305345348,14235365169.719538,1279338966428.7214
1783900800000,2026-07-13,63746.65595793199,19015013213.72812,1278471632284.2085
1783987200000,2026-07-14,62278.96301585648,31361911542.918644,1249064515645.423
1784073600000,2026-07-15,64983.51907427709,32016409409.06845,1303338246252.6511
1784160000000,2026-07-16,64717.168891130066,28397592354.339935,1298025137560.8176
1784246400000,2026-07-17,63792.28742743447,27825917044.490063,1279500217318.545
1784332800000,2026-07-18,63904.954014943025,28871351366.178684,1281784159472.132
1784419200000,2026-07-19,64795.70382303786,15451966881.20787,1299683566530.6624
1784505600000,2026-07-20,64670.40117470696,16372745607.748148,1297204952087.9087
1784592000000,2026-07-21,65184.92144270268,32520098295.98486,1307555290285.9756
1784678400000,2026-07-22,66520.98164575922,30875118859.101532,1334382819959.6755
1784764800000,2026-07-23,66077.05646514206,28939202566.320488,1325502184529.7004
1784851200000,2026-07-24,65052.47667067735,25573855466.75085,1304974799855.8557
1784937600000,2026-07-25,64092.64739795451,26949656279.25039,1285752729182.6663
1785024000000,2026-07-26,64318.24520120312,14475620140.07091,1290305361316.3142
1785110400000,2026-07-27,65343.824510845894,14859985103.945753,1310910033816.3235
1785196800000,2026-07-28,63701.35288114535,25830118462.162563,1277986670016.6462
1785283200000,2026-07-29,63881.94327943538,24427415031.02056,1281635447724.1555
1785369600000,2026-07-30,63916.59794922001,28201903973.511047,1282357106740.2524
1785456000000,2026-07-31,64743.33714554026,26380169353.78833,1298974060219.3184
1785542400000,2026-08-01,62820.08613814001,29578746588.718693,1260419444191.851
1785628800000,2026-08-02,62772.57726413174,13867068846.899143,1259498179475.967
1785715200000,2026-08-03,63504.41559755184,15928756965.753572,1274211082116.0454
1785801600000,2026-08-04,63465.19968911304,25488990096.917442,1273453221607.5356
1785888000000,2026-08-05,64062.173729779366,22979346232.877865,1285462929668.2993
1785974400000,2026-08-06,64608.705388357404,23456084571.954884,1296457212673.4585
1786060800000,2026-08-07,64262.74830979173,18543020925.31411,1289540648880.6145
1786147200000,2026-08-08,64879.7560855934,21708815799.29666,1301953613966.186
1786233600000,2026-08-09,64917.23929330571,12399729091.279987,1302733775497.4954
1786320000000,2026-08-10,64856.097825382276,12957668413.087194,1301536386806.1301
1786406400000,2026-08-11,63915.71213556821,20628873466.305775,1282693235981.1963
1786492800000,2026-08-12,63537.55988964766,20095612608.80128,1275130714721.0269
1786579200000,2026-08-13,63408.625697113624,22071166502.05402,1272571233715.507
1786665600000,2026-08-14,63429.17906286841,18868048226.436295,1273011889393.6423
1786752000000,2026-08-15,62984.28959582886,20141227880.901295,1264110816166.4216
1786838400000,2026-08-16,63031.04825975698,10409218158.399632,1265078583959.118
1786924800000,2026-08-17,62843.70368466329,9661851536.935368,1261349110988.947
1787011200000,2026-08-18,64491.345282946255,21603650491.523956,1294439197690.8708
1787097600000,2026-08-19,64686.25782561655,18173594957.816174,1298351388299.5034
1787184000000,2026-08-20,69291.0104297816,43990704909.19695,1390775763079.549
1787270400000,2026-08-21,73020.94563440893,54562051680.33916,1465641224678.0603
1787356800000,2026-08-22,78317.77716345884,71451157994.9994,1571956674056.353
1787443200000,2026-08-23,77081.02299000922,36689774596.6109,1547133140402.384
1787529600000,2026-08-24,77712.3200924702,29643785728.58765,1559804231557.777
1787616000000,2026-08-25,78973.88693602335,51335516518.744095,1585379062421.7615
1787702400000,2026-08-26,78511.2331116067,42844457202.96398,1576126744181.299
1787788800000,2026-08-27,79018.03405750773,28508064828.85475,1586333891398.6638
1787875200000,2026-08-28,80268.37474707834,33271382525.81097,1611476640675.1921
1787961600000,2026-08-29,77820.76428719184,36320805552.04175,1562365617022.764
1788048000000,2026-08-30,78225.13950818499,15083877886.534477,1570516817114.2285
1788134400000,2026-08-31,77658.23133225394,18928816149.23794,1559173121661.4866
1788220800000,2026-09-01,78552.77932895812,29723745445.38036,1577171863083.2737
1788307200000,2026-09-02,77416.44110979848,30118812390.414185,1554389755370.4558
1788393600000,2026-09-03,77297.13347191992,26617233991.00716,1552036311658.5237
1788480000000,2026-09-04,81264.70153038795,39842820911.97599,1631720768263.5881
1788566400000,2026-09-05,79671.25767420157,35605666977.42856,1599775191734.4382
1788652800000,2026-09-06,79821.69873179746,18822345309.3012,1602832641649.6875
1788739200000,2026-09-07,80329.3478460037,19671698954.25346,1613068250021.681
1788825600000,2026-09-08,79093.4641898418,23156361224.106297,1588284950144.5952
1788912000000,2026-09-09,78450.75303870205,36832978946.46288,1575415387009.9504
1788998400000,2026-09-10,78283.06047169256,34938279858.59001,1572081359789.2556
1789084800000,2026-09-11,76554.98664973286,30257901047.74022,1537413069633.6875
1789171200000,2026-09-12,77203.53444805603,35407367571.01674,1550479277152.1194
1789257600000,2026-09-13,77261.62722069985,15195615506.929926,1551683581240.4167
1789344000000,2026-09-14,76819.04496746542,16138951580.829597,1542831471374.2715
1789430400000,2026-09-15,78173.35158344489,32369566520.9512,1570066504182.9238
1789516800000,2026-09-16,75590.24471973324,39803154169.39753,1518224622698.2222
1789603200000,2026-09-17,76146.81236783884,30782581511.828445,1529436748434.9944
1789689600000,2026-09-18,76371.3617203135,23628097103.02466,1533982493868.1716
1789776000000,2026-09-19,80873.58287659245,44737458821.40004,1624449753756.773
1789862400000,2026-09-20,81236.41383660372,24055616822.501354,1631766599626.8777
1789948800000,2026-09-21,81169.03511950027,23789617808.46851,1630456856533.6533
1790035200000,2026-09-22,86596.74004249526,61251744760.22805,1739520328890.6677
1790121600000,2026-09-23,86183.29442787907,43496653159.936775,1731252948699.2454
1790208000000,2026-09-24,84382.39990356649,43737548353.46009,1695109174253.2031
1790294400000,2026-09-25,84377.96508359577,38044738930.24391,1695061262169.533
1790380800000,2026-09-26,84075.71659039952,35904911385.48042,1689021200315.1973
1790467200000,2026-09-27,84416.7149816521,18033182350.132664,1695916693389.409
1790553600000,2026-09-28,84448.75015162026,21929060307.609814,1696599373991.094
1790640000000,2026-09-29,83479.2543356063,41541721154.86327,1677138373123.666
1790646550000,2026-09-29,82952.70981735938,40407008713.62095,1666754435164.6687
